id,first_name,last_name,age,gender,t-shirt_size,colour,type,avatar
1,Merrill,Erickssen,52,Female,XL,Puce,text/plain,5
2,Harrietta,Menchenton,77,Female,3XL,Pink,text/plain,3
3,Juliana,Reinert,83,Female,3XL,Pink,text/plain,2
4,Webster,Bothen,49,Male,XL,Crimson,text/plain,2
5,Creighton,Wigginton,98,Male,3XL,Red,text/plain,5
6,Shelly,Gates,23,Female,3XL,Pink,text/plain,5
7,Jerrold,Slogrove,24,Male,3XL,Orange,text/plain,2
8,West,Hancell,53,Male,XS,Green,text/plain,1
9,Casey,Lassen,43,Female,2XL,Khaki,text/plain,2
10,Haslett,Allan,68,Male,2XL,Turquoise,text/plain,1
11,Ann,Downing,80,Female,L,Teal,text/plain,5
12,Jorge,Meysham,96,Male,2XL,Fuscia,text/plain,1
13,Lexis,Starte,48,Female,XS,Maroon,text/plain,3
14,Pammi,Fairclough,44,Female,XS,Indigo,text/plain,4
15,Mannie,O'Nion,63,Male,2XL,Maroon,text/plain,2
16,Kassie,Daynter,79,Female,L,Red,text/plain,5
17,Jackie,Fawke,75,Female,XS,Yellow,text/plain,5
18,Aeriela,Breffit,64,Female,2XL,Teal,text/plain,4
19,Helyn,Lantoph,71,Female,M,Goldenrod,text/plain,1
20,Colette,Blazy,68,Female,M,Crimson,text/plain,5
21,Stanfield,Celler,26,Male,M,Khaki,text/plain,3
22,Barry,Marcq,59,Female,3XL,Green,text/plain,4
23,Car,Elson,70,Male,XS,Khaki,text/plain,1
24,Dimitri,Durand,37,Male,3XL,Orange,text/plain,2
25,Tiler,Slyford,31,Male,XS,Puce,text/plain,1
26,Ottilie,Evins,51,Female,XS,Purple,text/plain,2
27,Rog,Filipov,58,Male,2XL,Aquamarine,text/plain,3
28,Chalmers,Tittletross,17,Male,2XL,Blue,text/plain,6
29,Fairleigh,Ducker,83,Male,L,Yellow,text/plain,3
30,Gill,Drewell,64,Female,3XL,Blue,text/plain,2
31,Cynthy,Dunaway,20,Female,M,Teal,text/plain,4
32,Bab,Luff,21,Female,2XL,Fuscia,text/plain,5
33,Meade,Quilty,31,Female,XS,Violet,text/plain,5
34,Elbert,Kinnier,62,Male,M,Goldenrod,text/plain,3
35,Sonja,Sparkwill,20,Female,XL,Aquamarine,text/plain,6
36,Bryana,Cornillot,82,Female,3XL,Pink,text/plain,3
37,Ruddy,Ashleigh,55,Male,XL,Green,text/plain,6
38,Jens,McIlreavy,28,Male,3XL,Orange,text/plain,6
39,Clyve,Bilbery,90,Male,2XL,Yellow,text/plain,3
40,Wilbur,Doelle,97,Male,3XL,Indigo,text/plain,6
41,Giuditta,Newnham,72,Female,2XL,Fuscia,text/plain,3
42,Marsiella,O'Luby,23,Female,XS,Red,text/plain,5
43,Augy,Torrans,94,Male,XS,Mauv,text/plain,3
44,Flss,Cobbing,29,Female,XS,Khaki,text/plain,3
45,Juditha,Blamphin,42,Female,L,Orange,text/plain,6
46,Aura,Confait,49,Female,2XL,Violet,text/plain,4
47,Joni,Chate,37,Female,XL,Violet,text/plain,4
48,Onfroi,Bollis,56,Male,3XL,Purple,text/plain,4
49,Jaquenetta,Gavini,50,Female,L,Teal,text/plain,4
50,Karl,Basten,22,Male,2XL,Aquamarine,text/plain,1
51,Hiram,Creddon,38,Male,S,Purple,text/plain,6
52,Engelbert,Pither,57,Male,XL,Orange,text/plain,5
53,Vi,Parradye,77,Female,3XL,Red,text/plain,6
54,Caspar,Garthshore,31,Male,S,Mauv,text/plain,1
55,Franny,Mitro,68,Female,2XL,Turquoise,text/plain,4
56,Viviana,Meeron,98,Female,L,Orange,text/plain,6
57,Ardeen,Coulton,93,Female,S,Purple,text/plain,3
58,Addy,Deverson,88,Male,XS,Green,text/plain,4
59,Mechelle,Grishukhin,18,Female,M,Blue,text/plain,5
60,Tilly,Etuck,96,Female,XL,Blue,text/plain,5
61,Dwayne,Aviss,67,Male,M,Mauv,text/plain,5
62,Shermy,Hinze,69,Male,3XL,Khaki,text/plain,2
63,Jacquenette,Dumblton,26,Female,3XL,Red,text/plain,6
64,Ferguson,Streather,57,Male,L,Mauv,text/plain,1
65,Giacomo,Barbie,100,Male,M,Blue,text/plain,1
66,Michele,Chicotti,66,Male,2XL,Aquamarine,text/plain,4
67,Jonathon,Maddrah,67,Male,2XL,Maroon,text/plain,3
68,Elmira,Saunter,30,Female,L,Crimson,text/plain,1
69,Ibby,Lancashire,72,Female,3XL,Mauv,text/plain,2
70,Deina,Say,49,Female,L,Maroon,text/plain,2
71,Deirdre,Hanner,20,Female,2XL,Turquoise,text/plain,4
72,Rozalie,Cornbell,21,Female,2XL,Purple,text/plain,2
73,Donica,Dethloff,25,Female,M,Puce,text/plain,3
74,Kyle,Duckitt,85,Female,XS,Puce,text/plain,3
75,Suzanne,Bindin,55,Female,M,Pink,text/plain,4
76,De witt,Hulburd,96,Male,XL,Teal,text/plain,6
77,Devondra,Galbraeth,38,Female,3XL,Crimson,text/plain,2
78,Ingelbert,Elener,77,Male,XL,Green,text/plain,6
79,Warden,Pipworth,46,Male,XS,Violet,text/plain,4
80,Jaimie,McEvilly,33,Male,XS,Crimson,text/plain,5
81,Holli,Potkin,17,Female,M,Crimson,text/plain,4
82,Morris,Di Biaggi,48,Male,S,Purple,text/plain,4
83,Lavina,Peak,79,Female,L,Turquoise,text/plain,6
84,Dukie,Mumford,44,Male,XS,Maroon,text/plain,3
85,Berti,Chong,45,Female,2XL,Goldenrod,text/plain,6
86,Holly,Orlton,49,Female,M,Blue,text/plain,5
87,Laurene,Cadogan,82,Female,L,Orange,text/plain,2
88,Boigie,Heatley,60,Male,3XL,Maroon,text/plain,2
89,Leicester,Crichten,77,Male,S,Violet,text/plain,2
90,Anton,Dwelling,69,Male,XL,Teal,text/plain,4
91,Fergus,Kaindl,96,Male,L,Mauv,text/plain,6
92,Sula,Heskin,32,Female,L,Teal,text/plain,3
93,Shela,Kither,44,Female,XL,Maroon,text/plain,2
94,Derry,Tilio,80,Male,S,Purple,text/plain,1
95,Derrik,Sherr,76,Male,L,Red,text/plain,2
96,Tasha,Haskayne,17,Female,XS,Fuscia,text/plain,1
97,Morgen,Wisden,25,Female,M,Turquoise,text/plain,2
98,Bethina,Siviter,72,Female,M,Red,text/plain,3
99,Clem,Musso,59,Male,XS,Indigo,text/plain,6
100,Gian,Grafton-Herbert,52,Male,XL,Khaki,text/plain,1
101,Fabe,Goaks,64,Male,3XL,Maroon,text/plain,3
102,Brocky,Gallear,39,Male,M,Purple,text/plain,1
103,Artur,Chipps,51,Male,M,Fuscia,text/plain,2
104,Thadeus,Dikles,30,Male,3XL,Green,text/plain,1
105,Kaylil,Dannett,33,Female,L,Violet,text/plain,2
106,Heddi,Gauch,45,Female,XL,Turquoise,text/plain,3
107,Durante,Grelik,42,Male,L,Khaki,text/plain,2
108,Biddie,Lanfer,52,Female,3XL,Crimson,text/plain,6
109,Chandler,Carrier,95,Male,XL,Aquamarine,text/plain,3
110,Bar,Manktelow,46,Male,XL,Orange,text/plain,3
111,Logan,Snaden,76,Male,M,Goldenrod,text/plain,2
112,Cynthia,Goodspeed,36,Female,XS,Maroon,text/plain,3
113,Livia,Battman,96,Female,M,Maroon,text/plain,3
114,Leelah,Diche,84,Female,XS,Indigo,text/plain,6
115,Kipp,Craigmile,21,Male,M,Teal,text/plain,1
116,Zackariah,Reignould,72,Male,XS,Pink,text/plain,2
117,Dael,Tims,100,Male,XS,Purple,text/plain,6
118,Burnard,Lembrick,36,Male,S,Blue,text/plain,6
119,Abie,Urridge,53,Male,2XL,Teal,text/plain,2
120,Nadiya,Strasse,29,Female,3XL,Khaki,text/plain,2
121,Caroljean,Kloss,63,Female,M,Fuscia,text/plain,6
122,Ivonne,Jankovic,77,Female,S,Maroon,text/plain,1
123,Chloe,Rilings,82,Female,3XL,Orange,text/plain,6
124,Domenico,Chettle,77,Male,S,Mauv,text/plain,3
125,Antoine,O'Hare,90,Male,S,Purple,text/plain,4
126,Barbey,Gerholz,44,Female,XS,Yellow,text/plain,3
127,Rowen,Hindmoor,28,Male,2XL,Purple,text/plain,5
128,Portie,Saunder,38,Male,S,Blue,text/plain,1
129,Dyana,Roscam,27,Female,M,Puce,text/plain,5
130,Reginauld,Rye,76,Male,2XL,Red,text/plain,5
131,Flemming,Dossett,78,Male,L,Puce,text/plain,4
132,Edan,Breddy,48,Male,XL,Mauv,text/plain,4
133,Loreen,Caudle,34,Female,XL,Violet,text/plain,6
134,Glennis,Bosomworth,39,Female,M,Yellow,text/plain,6
135,Jasmin,Battrick,82,Female,M,Goldenrod,text/plain,4
136,Donaugh,Crosoer,70,Male,L,Maroon,text/plain,1
137,Calley,McCart,30,Female,2XL,Mauv,text/plain,4
138,Egbert,Caskie,81,Male,XS,Purple,text/plain,4
139,Antonio,Standrin,64,Male,S,Goldenrod,text/plain,3
140,Reagen,Collyer,71,Male,2XL,Khaki,text/plain,1
141,Marlie,Rebillard,87,Female,L,Teal,text/plain,5
142,Hortense,Fromont,66,Female,L,Puce,text/plain,2
143,Thibaud,Aldham,59,Male,L,Goldenrod,text/plain,1
144,Pamelina,Iannitti,53,Female,2XL,Purple,text/plain,6
145,Elnore,Starking,36,Female,3XL,Purple,text/plain,6
146,Eba,Braker,51,Female,L,Khaki,text/plain,4
147,Terrill,Berridge,77,Male,XS,Aquamarine,text/plain,3
148,Gianna,Garnson,51,Female,S,Purple,text/plain,2
149,Brew,Mowlam,64,Male,XS,Purple,text/plain,4
150,Reynolds,Overton,27,Male,XL,Mauv,text/plain,4
151,Billie,Eick,48,Male,2XL,Blue,text/plain,1
152,Donall,Amphlett,81,Male,XS,Pink,text/plain,1
153,Valeda,Wharton,92,Female,XL,Fuscia,text/plain,4
154,Clifford,Scone,20,Male,XS,Red,text/plain,1
155,Wolfy,Probets,35,Male,2XL,Khaki,text/plain,1
156,Darby,Barroux,85,Male,S,Aquamarine,text/plain,5
157,Bobbye,Ruckman,97,Female,L,Purple,text/plain,1
158,Freeman,Zorener,26,Male,L,Turquoise,text/plain,4
159,Cassie,Ruilton,43,Female,2XL,Teal,text/plain,5
160,Doreen,Ladson,38,Female,3XL,Puce,text/plain,1
161,Corbin,Coombe,70,Male,M,Teal,text/plain,3
162,Beverie,Dohmann,35,Female,S,Goldenrod,text/plain,3
163,Bird,Corney,75,Female,XL,Red,text/plain,2
164,Gar,Andreou,69,Male,M,Violet,text/plain,1
165,Konstantin,Ruthen,59,Male,S,Blue,text/plain,6
166,Desirae,Spick,51,Female,L,Teal,text/plain,6
167,Geoffry,Wassell,84,Male,M,Yellow,text/plain,6
168,Lucias,Dionisetti,39,Male,2XL,Fuscia,text/plain,2
169,Hallie,Connop,74,Female,XS,Crimson,text/plain,3
170,Guglielma,Ivanovic,39,Female,L,Purple,text/plain,6
171,Haleigh,Castella,75,Female,M,Orange,text/plain,6
172,Daile,Andrieu,76,Female,M,Indigo,text/plain,5
173,Gaven,Farrance,65,Male,3XL,Fuscia,text/plain,6
174,Flin,Livingstone,16,Male,XS,Maroon,text/plain,3
175,Griff,Huxtable,93,Male,M,Crimson,text/plain,5
176,Hayward,Warstall,78,Male,S,Goldenrod,text/plain,1
177,Cayla,Benettini,95,Female,L,Teal,text/plain,1
178,Cyndy,Savory,79,Female,XS,Crimson,text/plain,1
179,Shelia,Beeton,19,Female,3XL,Blue,text/plain,1
180,Rhodie,Blondell,33,Female,M,Crimson,text/plain,6
181,Aveline,Heinel,72,Female,XS,Puce,text/plain,6
182,Rosanne,Melbourne,45,Female,XS,Violet,text/plain,6
183,Jessie,Dalton,42,Male,S,Purple,text/plain,6
184,Maryjane,Wakley,98,Female,3XL,Mauv,text/plain,6
185,Adah,Feenan,28,Female,XS,Khaki,text/plain,3
186,Lorie,Basten,68,Female,S,Orange,text/plain,4
187,Trudi,Henriques,51,Female,S,Green,text/plain,6
188,Aldis,Bottrell,61,Male,S,Khaki,text/plain,4
189,Marielle,Conn,28,Female,L,Aquamarine,text/plain,1
190,Nettle,Rosengart,48,Female,L,Aquamarine,text/plain,6
191,Fredric,Penswick,81,Male,XL,Orange,text/plain,3
192,Arlette,Viggers,56,Female,XL,Maroon,text/plain,5
193,Ainsley,Devin,35,Female,L,Fuscia,text/plain,3
194,Freddi,MacElane,55,Female,L,Goldenrod,text/plain,1
195,Pietra,Maskall,21,Female,M,Aquamarine,text/plain,4
196,Maudie,Clacson,94,Female,M,Aquamarine,text/plain,3
197,Phil,De Vere,39,Female,M,Violet,text/plain,4
198,Bidget,Hayman,59,Female,3XL,Red,text/plain,1
199,Des,Bonaire,55,Male,3XL,Puce,text/plain,3
200,Hubert,Griffitts,84,Male,M,Aquamarine,text/plain,6
201,Jeff,Richly,79,Male,L,Maroon,text/plain,3
202,Uri,Dizlie,69,Male,S,Yellow,text/plain,4
203,Christine,Giamelli,32,Female,3XL,Fuscia,text/plain,6
204,Pamelina,Lound,94,Female,3XL,Red,text/plain,2
205,Andriette,Bacher,66,Female,XL,Aquamarine,text/plain,2
206,Amargo,Pidgeley,90,Female,L,Indigo,text/plain,1
207,Muffin,Danis,74,Female,L,Mauv,text/plain,4
208,Elmer,Bullers,28,Male,XL,Violet,text/plain,6
209,Mathias,Riccelli,80,Male,3XL,Teal,text/plain,2
210,Lezley,Head,67,Male,M,Teal,text/plain,1
211,Bryce,Skamal,91,Male,3XL,Yellow,text/plain,3
212,Donielle,Coll,98,Female,M,Teal,text/plain,5
213,Jonathon,Allder,50,Male,2XL,Indigo,text/plain,6
214,Bryn,Edelheit,34,Male,XL,Maroon,text/plain,6
215,Estell,Gibke,46,Female,S,Indigo,text/plain,2
216,Claudie,Bonellie,73,Female,XS,Pink,text/plain,4
217,Maryann,Woolliams,60,Female,3XL,Blue,text/plain,5
218,Randie,Eldridge,84,Female,XS,Green,text/plain,4
219,Reagen,Bison,23,Male,M,Turquoise,text/plain,3
220,Pearce,Kenelin,26,Male,3XL,Indigo,text/plain,3
221,Herbert,Kumar,71,Male,L,Mauv,text/plain,2
222,Lilas,Gallico,65,Female,3XL,Goldenrod,text/plain,6
223,Erwin,Kuhn,54,Male,S,Khaki,text/plain,1
224,Udell,Brightwell,71,Male,S,Puce,text/plain,4
225,Cosmo,Wiffen,52,Male,XL,Blue,text/plain,6
226,Cornelius,Gate,84,Male,M,Mauv,text/plain,5
227,Rosco,Jardine,40,Male,3XL,Fuscia,text/plain,2
228,Diena,Patesel,64,Female,3XL,Orange,text/plain,5
229,Dody,Brake,69,Female,XL,Maroon,text/plain,2
230,Joleen,Blowing,24,Female,L,Green,text/plain,2
231,Jeanette,Luffman,92,Female,2XL,Turquoise,text/plain,5
232,Ardith,Starrs,48,Female,L,Indigo,text/plain,1
233,Levey,Prys,16,Male,L,Blue,text/plain,2
234,Lance,Collough,96,Male,M,Yellow,text/plain,4
235,Zea,Shewen,74,Female,L,Purple,text/plain,2
236,Erskine,Sowerbutts,26,Male,2XL,Indigo,text/plain,3
237,Koo,De Domenico,21,Female,L,Orange,text/plain,2
238,Alysia,Duce,63,Female,M,Teal,text/plain,4
239,Yuri,Popley,53,Male,XS,Aquamarine,text/plain,6
240,Shantee,Storton,79,Female,XS,Purple,text/plain,5
241,Rivalee,Berni,66,Female,2XL,Maroon,text/plain,4
242,Prudy,Blackader,96,Female,S,Mauv,text/plain,4
243,Claudetta,Marshland,70,Female,M,Mauv,text/plain,6
244,Beilul,Delmonti,72,Female,M,Fuscia,text/plain,2
245,Candace,Gronauer,25,Female,S,Red,text/plain,2
246,Burk,Search,35,Male,S,Mauv,text/plain,1
247,Waly,Cochern,32,Female,XS,Crimson,text/plain,1
248,Hayes,Chessill,68,Male,XS,Indigo,text/plain,2
249,Edmund,Beamson,67,Male,M,Red,text/plain,2
250,Donielle,Alejandri,29,Female,XS,Aquamarine,text/plain,2
251,Lidia,Penella,38,Female,L,Aquamarine,text/plain,5
252,Florry,Vase,72,Female,XL,Khaki,text/plain,5
253,Dani,Gahagan,91,Male,XL,Yellow,text/plain,6
254,Gerda,Alps,27,Female,3XL,Crimson,text/plain,5
255,Jeremiah,Bowcock,99,Male,3XL,Crimson,text/plain,3
256,Seymour,Hughlock,86,Male,S,Aquamarine,text/plain,2
257,Jolene,Younge,29,Female,L,Crimson,text/plain,2
258,Erhard,Klimsch,94,Male,XS,Puce,text/plain,3
259,Martino,Aston,41,Male,L,Pink,text/plain,2
260,Hillier,MacDougall,85,Male,S,Pink,text/plain,4
261,Torin,Harrema,98,Male,M,Crimson,text/plain,1
262,Greer,Pumfrey,100,Female,XS,Puce,text/plain,2
263,Vivia,Hulkes,71,Female,XL,Maroon,text/plain,1
264,Haydon,Matthai,90,Male,S,Orange,text/plain,6
265,Ab,Vescovini,76,Male,L,Yellow,text/plain,2
266,Stanford,Dollin,49,Male,S,Puce,text/plain,2
267,Erda,Manie,62,Female,XL,Purple,text/plain,6
268,Luce,Elphinstone,100,Male,L,Turquoise,text/plain,6
269,Corrie,Edden,79,Female,3XL,Khaki,text/plain,4
270,Demetrius,Pougher,91,Male,XL,Red,text/plain,3
271,Micki,Glencrosche,57,Female,S,Yellow,text/plain,2
272,Cedric,Wase,98,Male,M,Violet,text/plain,3
273,Katherine,Pheasant,78,Female,M,Violet,text/plain,1
274,Inger,Thurbon,36,Female,XS,Pink,text/plain,1
275,Kenton,Labrone,71,Male,S,Puce,text/plain,3
276,Rozina,Ratray,61,Female,M,Goldenrod,text/plain,5
277,Jacquelynn,Wennam,42,Female,L,Indigo,text/plain,1
278,Aloise,Wardroper,92,Female,S,Purple,text/plain,2
279,Robinett,Lambis,59,Female,XL,Turquoise,text/plain,2
280,Riane,Renon,47,Female,L,Orange,text/plain,1
281,Gaylord,Gunbie,49,Male,XL,Red,text/plain,3
282,Rriocard,Bullimore,30,Male,L,Khaki,text/plain,4
283,Kearney,OIlier,34,Male,2XL,Violet,text/plain,4
284,Byrle,Carrier,36,Male,3XL,Mauv,text/plain,3
285,Ulberto,Basham,28,Male,2XL,Fuscia,text/plain,1
286,Kalila,Beinisch,63,Female,2XL,Puce,text/plain,3
287,Sayre,Axell,20,Male,XL,Turquoise,text/plain,4
288,Marlo,Wretham,56,Male,2XL,Orange,text/plain,3
289,Linea,Ludewig,45,Female,L,Puce,text/plain,3
290,Antoine,Aris,24,Male,M,Fuscia,text/plain,1
291,Marion,Samweyes,36,Male,XL,Purple,text/plain,4
292,Evelina,Mathewson,70,Female,XL,Yellow,text/plain,1
293,Jethro,McQuaker,17,Male,S,Violet,text/plain,3
294,Lynea,Busek,63,Female,2XL,Green,text/plain,1
295,Teresa,Januszewski,26,Female,XS,Khaki,text/plain,1
296,Nina,Keeler,61,Female,3XL,Orange,text/plain,1
297,Bradley,Westoff,53,Male,XL,Violet,text/plain,3
298,Goran,Elsdon,84,Male,2XL,Turquoise,text/plain,4
299,Valerie,Rumke,79,Female,XL,Puce,text/plain,5
300,Karilynn,Mandifield,64,Female,2XL,Turquoise,text/plain,3
301,Rebeka,Polding,31,Female,XS,Yellow,text/plain,6
302,Cristen,Reuter,29,Female,L,Purple,text/plain,4
303,Carolee,Cannan,70,Female,M,Mauv,text/plain,5
304,Wolfgang,Kewish,34,Male,3XL,Aquamarine,text/plain,1
305,Colline,Capener,55,Female,2XL,Puce,text/plain,6
306,Emmy,Domange,57,Female,L,Indigo,text/plain,3
307,Findlay,Ackwood,67,Male,XL,Yellow,text/plain,3
308,Ethan,Worsalls,32,Male,XL,Teal,text/plain,5
309,Gerome,Laible,36,Male,XL,Crimson,text/plain,3
310,Kahaleel,Lorinez,96,Male,L,Khaki,text/plain,2
311,Andre,Manns,66,Male,L,Goldenrod,text/plain,4
312,Artemus,Colvill,52,Male,2XL,Khaki,text/plain,5
313,Eberhard,Podd,52,Male,M,Goldenrod,text/plain,1
314,Oberon,Kellar,76,Male,XS,Crimson,text/plain,1
315,Michale,Sloy,100,Male,M,Yellow,text/plain,2
316,Salmon,Grigori,94,Male,M,Indigo,text/plain,3
317,Dorice,Barg,83,Female,2XL,Indigo,text/plain,6
318,Arnold,Houseman,18,Male,XL,Maroon,text/plain,2
319,Wilhelmine,Karpinski,58,Female,3XL,Puce,text/plain,2
320,Dorris,Camilletti,44,Female,S,Fuscia,text/plain,3
321,Tobias,Lavers,65,Male,XL,Aquamarine,text/plain,4
322,Del,Coller,21,Female,XS,Teal,text/plain,4
323,Dulcea,Thelwll,72,Female,3XL,Khaki,text/plain,1
324,Sandra,Jennaway,17,Female,M,Aquamarine,text/plain,5
325,Igor,Allitt,78,Male,L,Orange,text/plain,6
326,Pedro,Scrancher,99,Male,S,Goldenrod,text/plain,5
327,Zachariah,Pargeter,61,Male,L,Yellow,text/plain,5
328,Matthieu,Estcourt,100,Male,2XL,Aquamarine,text/plain,1
329,Geoffry,Crofthwaite,26,Male,XL,Green,text/plain,2
330,Pincas,Growden,43,Male,3XL,Red,text/plain,5
331,Baird,Etter,48,Male,XS,Blue,text/plain,4
332,Louie,Matteucci,37,Male,M,Orange,text/plain,3
333,Tait,Rayson,43,Male,XL,Puce,text/plain,1
334,Judd,Lundy,87,Male,XS,Indigo,text/plain,6
335,Harry,Letterese,89,Male,3XL,Blue,text/plain,1
336,Noelle,Jeannin,42,Female,M,Mauv,text/plain,6
337,Oliver,Adrien,55,Male,2XL,Turquoise,text/plain,6
338,Alyosha,Pignon,91,Male,S,Fuscia,text/plain,5
339,Paul,Swinyard,56,Male,XL,Fuscia,text/plain,6
340,Rosette,Goldthorpe,83,Female,2XL,Purple,text/plain,3
341,Mathew,Mohammed,85,Male,XL,Khaki,text/plain,2
342,Ray,Inger,37,Female,M,Orange,text/plain,2
343,Orlando,Ireson,50,Male,2XL,Mauv,text/plain,4
344,Franklin,Toman,95,Male,S,Indigo,text/plain,4
345,Ase,Rankine,87,Male,L,Maroon,text/plain,2
346,Essa,Trethowan,23,Female,XS,Indigo,text/plain,5
347,Avie,Backs,34,Female,3XL,Turquoise,text/plain,2
348,Natale,O'Fogarty,77,Male,2XL,Crimson,text/plain,1
349,Toddie,Ranson,99,Male,L,Pink,text/plain,1
350,Vergil,Mustarde,49,Male,L,Aquamarine,text/plain,1
351,Chrysler,Riping,67,Female,2XL,Green,text/plain,5
352,Antony,Deniso,51,Male,XS,Orange,text/plain,5
353,Siobhan,Borgnol,23,Female,XL,Mauv,text/plain,1
354,Dusty,Westberg,67,Female,S,Khaki,text/plain,3
355,Hamnet,Andrea,18,Male,XS,Purple,text/plain,6
356,Stillmann,Langdale,32,Male,L,Yellow,text/plain,6
357,Collen,Richardet,19,Female,XS,Puce,text/plain,2
358,Jaymee,Berzen,89,Female,XS,Maroon,text/plain,5
359,Sidnee,Pinckney,68,Male,L,Aquamarine,text/plain,4
360,Prudy,Sammes,74,Female,XL,Orange,text/plain,6
361,Eileen,Devonport,67,Female,3XL,Red,text/plain,6
362,Blayne,Skelcher,21,Male,L,Mauv,text/plain,3
363,Marshall,MacAless,23,Male,XL,Orange,text/plain,2
364,Sheela,McGuff,32,Female,L,Aquamarine,text/plain,5
365,Norina,Duggan,75,Female,2XL,Mauv,text/plain,6
366,Mariel,O'Tierney,47,Female,2XL,Green,text/plain,3
367,Noby,Herity,49,Male,XL,Crimson,text/plain,6
368,Corbin,Waulker,82,Male,XS,Fuscia,text/plain,6
369,Malissia,Standley,76,Female,M,Purple,text/plain,5
370,Frazer,But,39,Male,L,Green,text/plain,1
371,Carolina,Bailess,45,Female,3XL,Green,text/plain,2
372,Lorita,Gabe,46,Female,3XL,Crimson,text/plain,1
373,Agneta,Erdes,50,Female,M,Yellow,text/plain,2
374,Howie,Narbett,97,Male,XS,Maroon,text/plain,1
375,Thom,Player,37,Male,M,Fuscia,text/plain,1
376,Paige,Tallyn,40,Male,M,Red,text/plain,4
377,Wilfrid,Barley,51,Male,XL,Khaki,text/plain,2
378,Balduin,Gwin,31,Male,2XL,Indigo,text/plain,2
379,Cairistiona,Charlson,32,Female,XL,Aquamarine,text/plain,4
380,Sauveur,Laweles,25,Male,M,Green,text/plain,3
381,Serene,Pinck,21,Female,XS,Puce,text/plain,5
382,Laural,Basire,75,Female,XS,Purple,text/plain,2
383,Ezri,Bowles,85,Male,XS,Maroon,text/plain,2
384,Artair,Petris,52,Male,S,Khaki,text/plain,5
385,Liv,MacNeill,59,Female,S,Red,text/plain,6
386,Gregorius,Mourgue,35,Male,XL,Goldenrod,text/plain,5
387,Cathy,Rohfsen,41,Female,XL,Purple,text/plain,3
388,Corrianne,Chadderton,93,Female,XS,Pink,text/plain,1
389,Robin,Tesseyman,80,Male,XL,Violet,text/plain,1
390,Ulrike,Jenkyn,93,Female,3XL,Crimson,text/plain,6
391,Cathy,Braker,70,Female,XS,Aquamarine,text/plain,1
392,Ches,Pasmore,78,Male,S,Orange,text/plain,3
393,Averill,Conyard,29,Male,M,Maroon,text/plain,3
394,Rivi,Reisk,17,Female,XL,Indigo,text/plain,4
395,Emmett,Curragh,100,Male,XS,Teal,text/plain,1
396,Perren,Milkeham,70,Male,2XL,Crimson,text/plain,5
397,Roobbie,Daniel,35,Female,L,Khaki,text/plain,3
398,Sapphira,Fogg,71,Female,3XL,Crimson,text/plain,2
399,Godiva,Levins,42,Female,S,Indigo,text/plain,5
400,Kristo,Caudray,41,Male,3XL,Red,text/plain,3
401,Garth,Jakoviljevic,36,Male,XS,Yellow,text/plain,2
402,Cornelle,Piecha,47,Female,L,Blue,text/plain,2
403,Georgina,Urwin,57,Female,3XL,Purple,text/plain,6
404,Dido,Vittori,80,Female,XS,Fuscia,text/plain,5
405,Henri,Klimpt,58,Male,XS,Red,text/plain,5
406,Adolphus,MacKibbon,51,Male,M,Puce,text/plain,3
407,Sibley,Palia,39,Female,L,Puce,text/plain,1
408,Eldridge,MacKenzie,88,Male,3XL,Green,text/plain,5
409,Oralee,Francisco,89,Female,2XL,Red,text/plain,1
410,Paule,Burstow,63,Female,XL,Fuscia,text/plain,6
411,Andie,Work,79,Female,S,Violet,text/plain,2
412,Aldis,Hayto,16,Male,2XL,Puce,text/plain,3
413,Kirbie,le Keux,90,Female,XS,Khaki,text/plain,6
414,Herbert,Cattonnet,30,Male,2XL,Orange,text/plain,3
415,Spenser,Challiss,76,Male,XL,Puce,text/plain,3
416,Benson,Tebb,58,Male,3XL,Puce,text/plain,1
417,Elsworth,Klousner,41,Male,S,Green,text/plain,1
418,Karlan,Stawell,24,Male,3XL,Purple,text/plain,2
419,Ingrid,Pane,88,Female,L,Teal,text/plain,2
420,Tad,Linscott,41,Male,XL,Orange,text/plain,3
421,Lothario,Ambrogini,48,Male,XS,Purple,text/plain,4
422,Sheri,Tyzack,99,Female,S,Turquoise,text/plain,4
423,Cale,Sieghard,73,Male,L,Indigo,text/plain,4
424,Wendall,Hearons,49,Male,M,Red,text/plain,3
425,Jeramey,Ech,91,Male,XS,Green,text/plain,5
426,Vilma,Keeler,56,Female,M,Aquamarine,text/plain,6
427,Janna,Salmons,78,Female,2XL,Green,text/plain,5
428,Paddie,Highwood,85,Male,3XL,Crimson,text/plain,2
429,Bel,Rains,16,Female,XS,Pink,text/plain,5
430,Peria,Belliveau,97,Female,L,Aquamarine,text/plain,5
431,Deonne,Scholard,68,Female,S,Khaki,text/plain,5
432,Lorenzo,Mc Caghan,96,Male,XL,Pink,text/plain,4
433,Fritz,Stolberger,62,Male,XS,Indigo,text/plain,1
434,Sibilla,Muggach,61,Female,L,Violet,text/plain,2
435,Osborne,Ipsley,34,Male,XL,Maroon,text/plain,3
436,Woodman,Feldmark,64,Male,3XL,Blue,text/plain,5
437,Devinne,Endricci,89,Female,S,Violet,text/plain,4
438,Hugues,Atley,30,Male,L,Indigo,text/plain,3
439,Hilda,Danielian,40,Female,3XL,Blue,text/plain,1
440,Ashley,Marrington,81,Male,L,Orange,text/plain,2
441,Carmelia,Grumble,41,Female,XS,Purple,text/plain,4
442,Ivory,Kilcullen,100,Female,XL,Green,text/plain,5
443,Nap,Letty,81,Male,2XL,Fuscia,text/plain,2
444,Catherina,Ivimey,82,Female,XS,Aquamarine,text/plain,2
445,Law,Bodleigh,16,Male,S,Blue,text/plain,4
446,Amara,Omrod,22,Female,XS,Mauv,text/plain,1
447,Claiborn,Biskupiak,33,Male,XS,Crimson,text/plain,4
448,Luther,Hayman,74,Male,M,Pink,text/plain,4
449,Mady,Heeks,48,Female,L,Purple,text/plain,5
450,Kathe,Shoubridge,92,Female,M,Teal,text/plain,1
451,Arch,Cummings,29,Male,L,Green,text/plain,1
452,Gerome,Sirette,45,Male,2XL,Indigo,text/plain,1
453,Quincy,Ferrarese,76,Male,M,Indigo,text/plain,6
454,Dion,Janik,52,Male,S,Green,text/plain,2
455,Vincents,Mobbs,24,Male,L,Purple,text/plain,4
456,Mureil,Paull,93,Female,XS,Crimson,text/plain,3
457,Hyacintha,Abbotson,86,Female,2XL,Puce,text/plain,2
458,Silvana,Bovis,80,Female,2XL,Purple,text/plain,3
459,Harold,Naulls,68,Male,2XL,Turquoise,text/plain,3
460,Pierette,Philipps,93,Female,XL,Blue,text/plain,2
461,Iris,Hulme,22,Female,XS,Crimson,text/plain,4
462,Urbain,Winslade,74,Male,XL,Teal,text/plain,3
463,Ephrem,Casterou,31,Male,M,Blue,text/plain,6
464,Trey,Terzo,100,Male,3XL,Aquamarine,text/plain,5
465,Emily,Jeanes,67,Female,XS,Green,text/plain,6
466,Jasper,Brady,82,Male,XL,Violet,text/plain,3
467,Royce,Grishukov,24,Male,XL,Orange,text/plain,4
468,Reilly,Muddimer,21,Male,XL,Violet,text/plain,3
469,Libbie,Choppin,25,Female,XS,Indigo,text/plain,5
470,Brear,Lotherington,18,Female,M,Purple,text/plain,3
471,Jammal,Jannequin,54,Male,2XL,Mauv,text/plain,5
472,Wilden,Farnsworth,23,Male,L,Purple,text/plain,3
473,Hiram,Macklam,20,Male,M,Puce,text/plain,4
474,Emelita,Hachette,43,Female,2XL,Crimson,text/plain,4
475,Sher,Gear,42,Female,3XL,Puce,text/plain,5
476,Fitzgerald,Depke,98,Male,3XL,Aquamarine,text/plain,2
477,Tiff,Verrico,98,Female,S,Yellow,text/plain,6
478,Thea,Fraine,86,Female,3XL,Turquoise,text/plain,3
479,Zaria,Dan,50,Female,XL,Blue,text/plain,3
480,Winfield,Lawrenson,80,Male,3XL,Crimson,text/plain,4
481,Yank,Canaan,69,Male,S,Crimson,text/plain,5
482,Emilie,Pietruszewicz,85,Female,L,Orange,text/plain,4
483,Sarena,Midford,25,Female,XL,Maroon,text/plain,5
484,Daryl,Aggus,50,Male,M,Green,text/plain,4
485,Solomon,Ovington,55,Male,XL,Goldenrod,text/plain,6
486,Kale,Breinlein,35,Male,XS,Crimson,text/plain,1
487,Delmer,Cowdroy,54,Male,XL,Yellow,text/plain,5
488,Karim,Bayldon,21,Male,M,Teal,text/plain,4
489,Lazarus,Tunder,95,Male,XS,Goldenrod,text/plain,6
490,Riordan,MacEvilly,79,Male,3XL,Green,text/plain,4
491,Alastair,Levi,96,Male,XS,Pink,text/plain,4
492,Vale,Blackey,22,Male,M,Fuscia,text/plain,1
493,Sonnnie,Nunnerley,98,Female,XS,Violet,text/plain,1
494,Mike,Dulinty,40,Male,XS,Fuscia,text/plain,1
495,Karlie,Wellen,43,Female,3XL,Indigo,text/plain,2
496,Tabbie,Matthaus,70,Male,3XL,Pink,text/plain,1
497,Britni,Simione,72,Female,3XL,Indigo,text/plain,1
498,Bram,O'Currine,74,Male,L,Crimson,text/plain,4
499,Marleah,Fearney,19,Female,2XL,Pink,text/plain,4
500,Alford,Titcumb,32,Male,XS,Goldenrod,text/plain,6
501,Normie,Borham,26,Male,3XL,Yellow,text/plain,4
502,Jerry,Bridgwater,28,Male,L,Pink,text/plain,1
503,Alfie,Bigby,33,Female,S,Indigo,text/plain,3
504,Ellette,Gomby,89,Female,3XL,Turquoise,text/plain,1
505,Tatiania,D'Ambrogio,25,Female,XL,Red,text/plain,6
506,Bink,Faughey,67,Male,L,Orange,text/plain,4
507,Andonis,Soame,47,Male,3XL,Pink,text/plain,4
508,Myles,Cappleman,89,Male,S,Yellow,text/plain,5
509,Konrad,Palia,82,Male,2XL,Khaki,text/plain,5
510,Clifford,Pirolini,61,Male,XS,Blue,text/plain,2
511,Camille,Haswall,47,Female,XS,Mauv,text/plain,5
512,Tailor,Billing,46,Male,S,Teal,text/plain,4
513,Benny,Austen,50,Female,XL,Mauv,text/plain,5
514,Maxim,Drewet,44,Male,2XL,Aquamarine,text/plain,6
515,Gabbi,Doog,44,Female,XL,Goldenrod,text/plain,2
516,Claudius,Bricket,100,Male,M,Fuscia,text/plain,2
517,Isahella,Barbier,39,Female,2XL,Violet,text/plain,1
518,Vivyanne,Brugger,27,Female,M,Khaki,text/plain,1
519,Pete,Nickols,59,Male,M,Khaki,text/plain,2
520,Mariska,Gregoire,49,Female,L,Teal,text/plain,3
521,Jeffie,Astupenas,77,Male,2XL,Yellow,text/plain,2
522,Aubine,Yearn,62,Female,S,Pink,text/plain,1
523,Shae,Jarvis,89,Male,M,Green,text/plain,6
524,Waylan,Lenox,16,Male,XL,Green,text/plain,5
525,Sophie,Davys,38,Female,L,Green,text/plain,5
526,Hurleigh,Benedit,82,Male,XL,Puce,text/plain,6
527,Eugen,Huie,18,Male,XS,Khaki,text/plain,6
528,Mordy,Meagh,100,Male,3XL,Goldenrod,text/plain,5
529,Leta,Rene,62,Female,S,Fuscia,text/plain,1
530,Claresta,Lipman,97,Female,M,Fuscia,text/plain,3
531,Tonye,Aizikowitz,85,Female,S,Pink,text/plain,4
532,Krishna,Colbourn,84,Male,2XL,Goldenrod,text/plain,3
533,Sibelle,Klimsch,98,Female,M,Mauv,text/plain,1
534,Claudine,Milburne,95,Female,XL,Indigo,text/plain,3
535,Flint,Gherardesci,21,Male,3XL,Fuscia,text/plain,4
536,Donovan,Kilday,80,Male,S,Mauv,text/plain,2
537,Lin,Larive,80,Female,S,Yellow,text/plain,6
538,Vicki,McGreil,83,Female,3XL,Red,text/plain,6
539,Nikolai,Janauschek,39,Male,3XL,Green,text/plain,1
540,Paolo,Chamberlaine,37,Male,XS,Red,text/plain,1
541,Mortie,Greensall,65,Male,S,Teal,text/plain,3
542,Marisa,Ovesen,80,Female,2XL,Mauv,text/plain,2
543,Marcus,Maypes,69,Male,M,Yellow,text/plain,5
544,Calli,Bohling,91,Female,XS,Maroon,text/plain,3
545,Tybie,Lippiatt,16,Female,2XL,Puce,text/plain,3
546,Floris,Endon,87,Female,L,Mauv,text/plain,1
547,Konstantin,Kelcher,52,Male,3XL,Crimson,text/plain,2
548,Lucita,Enevoldsen,21,Female,M,Green,text/plain,2
549,Tuckie,Pidgin,100,Male,XL,Crimson,text/plain,4
550,Smith,O'Grada,77,Male,S,Red,text/plain,1
551,Antonin,Garthshore,69,Male,3XL,Puce,text/plain,5
552,Mavis,Ginni,77,Female,XL,Orange,text/plain,1
553,Alina,O'Downe,82,Female,2XL,Khaki,text/plain,2
554,Der,Duchatel,90,Male,XS,Violet,text/plain,2
555,Rozamond,Warlowe,48,Female,3XL,Maroon,text/plain,2
556,Sharl,Alti,91,Female,XL,Aquamarine,text/plain,1
557,Carlota,Volant,88,Female,XS,Orange,text/plain,3
558,Nissie,Southward,23,Female,XS,Red,text/plain,4
559,Modesty,Gauford,26,Female,3XL,Turquoise,text/plain,2
560,Ashely,Burrells,93,Female,XL,Indigo,text/plain,3
561,Augusta,Eccott,28,Female,L,Pink,text/plain,6
562,Dona,Simak,63,Female,S,Blue,text/plain,4
563,Fredi,Pavis,34,Female,XS,Aquamarine,text/plain,2
564,Boot,Pickersgill,39,Male,3XL,Aquamarine,text/plain,4
565,Pamelina,Cremin,44,Female,M,Orange,text/plain,5
566,Tab,Tarrant,55,Male,L,Purple,text/plain,4
567,Hamish,Fullwood,49,Male,XS,Aquamarine,text/plain,1
568,Marketa,Falkus,53,Female,2XL,Teal,text/plain,1
569,Mohandas,Haggerston,20,Male,3XL,Violet,text/plain,6
570,Aleen,Trimble,79,Female,3XL,Mauv,text/plain,6
571,Waiter,Tomson,22,Male,2XL,Red,text/plain,3
572,Dionysus,Beenham,37,Male,S,Indigo,text/plain,1
573,Yvon,MacCosty,64,Male,S,Crimson,text/plain,1
574,Arabella,Gertray,52,Female,2XL,Aquamarine,text/plain,6
575,Wilhelmina,Gyngell,36,Female,3XL,Orange,text/plain,3
576,Wolf,Furlonge,47,Male,2XL,Teal,text/plain,5
577,Damon,Pavlata,56,Male,XS,Crimson,text/plain,2
578,Salim,Bree,22,Male,XS,Fuscia,text/plain,2
579,Prescott,Cridland,23,Male,2XL,Blue,text/plain,5
580,Hedwiga,Dowding,94,Female,M,Red,text/plain,2
581,Dame,Bilbrey,87,Male,XL,Goldenrod,text/plain,3
582,Dino,Fritche,68,Male,S,Khaki,text/plain,3
583,Jeremiah,Anfusso,94,Male,S,Indigo,text/plain,4
584,Borg,Roderham,35,Male,L,Turquoise,text/plain,1
585,Darlleen,Bachshell,98,Female,XL,Fuscia,text/plain,1
586,Tana,Mapowder,40,Female,3XL,Puce,text/plain,2
587,Edie,Eyer,96,Female,3XL,Mauv,text/plain,4
588,Burnaby,Leaburn,49,Male,S,Teal,text/plain,2
589,Juliet,Deniset,53,Female,M,Mauv,text/plain,4
590,Baily,Larmor,44,Male,2XL,Pink,text/plain,1
591,Tanner,McNeely,88,Male,XL,Mauv,text/plain,4
592,Chris,Samudio,32,Male,S,Crimson,text/plain,1
593,Kris,Girardini,26,Male,L,Maroon,text/plain,1
594,Marsiella,Downe,32,Female,3XL,Khaki,text/plain,2
595,Donaugh,Taplow,26,Male,M,Crimson,text/plain,3
596,Marcelo,Corbett,33,Male,2XL,Mauv,text/plain,1
597,Rose,Spearing,65,Female,3XL,Fuscia,text/plain,4
598,Marchall,Maiden,61,Male,3XL,Crimson,text/plain,6
599,Jed,Eaken,64,Male,S,Khaki,text/plain,3
600,Somerset,Aggs,16,Male,XS,Khaki,text/plain,3
601,Caresse,Stainfield,67,Female,3XL,Indigo,text/plain,2
602,Kerwin,Sudlow,51,Male,3XL,Pink,text/plain,3
603,Emily,Sprey,56,Female,S,Teal,text/plain,3
604,Carmela,Ridgewell,76,Female,S,Green,text/plain,3
605,Cecilius,Allans,56,Male,XL,Violet,text/plain,5
606,Orville,Sprason,33,Male,XL,Khaki,text/plain,5
607,Tye,Sextie,79,Male,M,Puce,text/plain,6
608,Livia,Garoghan,90,Female,M,Purple,text/plain,3
609,April,Orr,99,Female,M,Violet,text/plain,3
610,Yule,Celler,81,Male,M,Mauv,text/plain,4
611,Pennie,McTague,98,Male,M,Indigo,text/plain,3
612,Mari,Pidgley,90,Female,XS,Blue,text/plain,3
613,Lauralee,Jeandin,69,Female,L,Green,text/plain,2
614,Humfrey,Doubleday,37,Male,S,Violet,text/plain,5
615,Stafani,Massei,84,Female,3XL,Turquoise,text/plain,5
616,Yuma,Fahrenbach,98,Male,XL,Red,text/plain,6
617,Carlo,Partener,59,Male,S,Goldenrod,text/plain,1
618,Gussy,Sondon,92,Female,L,Puce,text/plain,2
619,Kane,Valde,78,Male,L,Aquamarine,text/plain,6
620,Hall,Squelch,34,Male,M,Red,text/plain,3
621,Roxie,Look,93,Female,3XL,Puce,text/plain,5
622,Brion,Weed,97,Male,M,Fuscia,text/plain,3
623,Sandye,Huikerby,49,Female,XS,Purple,text/plain,4
624,Glori,Hartles,26,Female,M,Khaki,text/plain,6
625,Thorsten,Chilvers,76,Male,M,Purple,text/plain,2
626,Dori,Heel,26,Female,XL,Puce,text/plain,2
627,Ancell,Taile,97,Male,XS,Turquoise,text/plain,5
628,Oran,Gamlin,93,Male,L,Blue,text/plain,5
629,Gratiana,Twidle,33,Female,2XL,Aquamarine,text/plain,3
630,Ferne,Lasseter,100,Female,S,Maroon,text/plain,2
631,Sidnee,Addyman,18,Male,L,Khaki,text/plain,5
632,Candis,Knightley,21,Female,S,Puce,text/plain,6
633,Neal,Sherlaw,81,Male,3XL,Mauv,text/plain,5
634,Valene,Abbati,17,Female,3XL,Fuscia,text/plain,1
635,Inez,Mailey,79,Female,3XL,Fuscia,text/plain,1
636,Weber,Gowler,65,Male,M,Khaki,text/plain,4
637,Gunther,Swaine,89,Male,XL,Maroon,text/plain,6
638,Niall,Farrow,25,Male,XS,Fuscia,text/plain,4
639,Nonie,Hucquart,91,Female,M,Mauv,text/plain,3
640,Bryant,Cobbledick,59,Male,M,Green,text/plain,1
641,Fiorenze,Quant,79,Female,XL,Aquamarine,text/plain,1
642,Val,Dowsey,71,Male,3XL,Aquamarine,text/plain,6
643,Freda,Notman,59,Female,L,Orange,text/plain,5
644,Urbanus,St. John,60,Male,L,Goldenrod,text/plain,5
645,Nadean,Bercevelo,99,Female,S,Violet,text/plain,3
646,Cesaro,Beyer,82,Male,2XL,Indigo,text/plain,5
647,Rudolf,Hardiman,63,Male,L,Maroon,text/plain,6
648,Agnola,Undrell,81,Female,2XL,Indigo,text/plain,6
649,Marisa,Khalid,27,Female,2XL,Orange,text/plain,1
650,Sabra,De Malchar,47,Female,3XL,Yellow,text/plain,2
651,Bili,Duffill,55,Female,2XL,Pink,text/plain,1
652,Lonny,Gunningham,39,Male,M,Maroon,text/plain,2
653,Hillie,Yurasov,48,Male,3XL,Maroon,text/plain,2
654,Babb,Gossage,70,Female,XS,Violet,text/plain,4
655,Amye,Carnachen,41,Female,XS,Teal,text/plain,6
656,Rutledge,Naldrett,38,Male,XS,Yellow,text/plain,4
657,Alie,Muskett,96,Female,XL,Orange,text/plain,2
658,Curtis,Bagniuk,49,Male,L,Khaki,text/plain,4
659,Lesley,Barclay,96,Male,XS,Goldenrod,text/plain,3
660,Salome,Spelwood,39,Female,XS,Crimson,text/plain,2
661,Barbe,Markson,97,Female,L,Goldenrod,text/plain,3
662,Ryun,Rickeard,23,Male,2XL,Maroon,text/plain,5
663,Royce,Horsefield,62,Male,3XL,Indigo,text/plain,1
664,Jacques,Byrom,51,Male,L,Purple,text/plain,1
665,Kimball,Flicker,32,Male,3XL,Red,text/plain,1
666,Mirna,Meins,88,Female,3XL,Goldenrod,text/plain,6
667,Reagan,Priscott,40,Male,XS,Purple,text/plain,3
668,Elwira,Maharg,44,Female,XL,Blue,text/plain,4
669,Keene,Lamport,49,Male,XS,Red,text/plain,6
670,Maude,Ivy,77,Female,3XL,Puce,text/plain,5
671,Kaleena,Blinder,23,Female,L,Green,text/plain,4
672,Manuel,Lawdham,25,Male,XL,Blue,text/plain,1
673,Delila,Varnals,18,Female,L,Puce,text/plain,3
674,Fan,Sale,16,Female,M,Mauv,text/plain,4
675,Cosmo,De Metz,96,Male,XL,Khaki,text/plain,1
676,Lynn,Studd,66,Male,L,Pink,text/plain,3
677,Wylie,MacPaik,22,Male,3XL,Crimson,text/plain,4
678,Tynan,Fyfe,31,Male,3XL,Indigo,text/plain,2
679,Tallulah,Bernardeschi,92,Female,XS,Violet,text/plain,5
680,Melisent,Mitchelson,100,Female,2XL,Red,text/plain,6
681,Mahala,Hemeret,100,Female,M,Indigo,text/plain,5
682,Emmalynne,Baseggio,90,Female,2XL,Fuscia,text/plain,4
683,Neilla,Kulis,69,Female,2XL,Purple,text/plain,2
684,Billie,Maundrell,61,Female,S,Aquamarine,text/plain,5
685,Verney,Carding,96,Male,2XL,Goldenrod,text/plain,6
686,Syman,Reading,100,Male,L,Mauv,text/plain,4
687,Eada,Dessant,79,Female,XL,Yellow,text/plain,4
688,Idalia,Acey,43,Female,M,Blue,text/plain,1
689,Anet,McWaters,27,Female,S,Blue,text/plain,2
690,Becka,Derrington,70,Female,XL,Teal,text/plain,6
691,Camille,Robuchon,42,Female,S,Orange,text/plain,4
692,Akim,Batie,42,Male,M,Crimson,text/plain,6
693,Korrie,Bamell,25,Female,L,Fuscia,text/plain,5
694,Britt,Kollas,63,Female,3XL,Green,text/plain,2
695,Hamnet,Downey,86,Male,3XL,Purple,text/plain,3
696,Orv,Mulderrig,30,Male,XL,Turquoise,text/plain,5
697,Trumann,Heyburn,17,Male,M,Puce,text/plain,1
698,Sondra,Doohan,37,Female,S,Purple,text/plain,2
699,Shaughn,Jimeno,50,Male,3XL,Khaki,text/plain,6
700,Charlton,Binton,53,Male,XL,Maroon,text/plain,1
701,Parke,Wimmer,47,Male,M,Aquamarine,text/plain,3
702,Kalinda,Jarad,97,Female,XS,Yellow,text/plain,1
703,Sari,Craigg,40,Female,XL,Green,text/plain,4
704,Dorie,Aizic,93,Female,XS,Blue,text/plain,3
705,Salem,Burges,97,Male,2XL,Khaki,text/plain,5
706,Anthe,Osgood,95,Female,XL,Pink,text/plain,3
707,Ive,Cavan,98,Male,XL,Aquamarine,text/plain,2
708,Diana,Gannan,55,Female,3XL,Khaki,text/plain,4
709,Durante,Whitcombe,28,Male,3XL,Orange,text/plain,4
710,Flory,Camber,44,Female,XL,Mauv,text/plain,4
711,Gina,Molder,89,Female,XL,Orange,text/plain,4
712,Mitchel,Wickardt,22,Male,L,Mauv,text/plain,2
713,Kessiah,Burgen,92,Female,XL,Orange,text/plain,3
714,Gates,Kelinge,27,Female,3XL,Fuscia,text/plain,2
715,Broddy,Mulrenan,72,Male,XL,Green,text/plain,1
716,Waverly,Garrould,95,Male,XL,Violet,text/plain,4
717,Bettina,Cleere,98,Female,M,Maroon,text/plain,1
718,Skyler,Tomasino,68,Male,L,Violet,text/plain,5
719,Zelig,Skingle,91,Male,XL,Teal,text/plain,6
720,Clywd,Paunton,91,Male,3XL,Teal,text/plain,3
721,Madelon,Dooman,19,Female,M,Pink,text/plain,3
722,Karin,Lingard,67,Female,S,Goldenrod,text/plain,1
723,Natassia,ducarme,44,Female,M,Maroon,text/plain,4
724,Giffy,Tapper,72,Male,S,Pink,text/plain,3
725,Pearce,Clingan,43,Male,XS,Khaki,text/plain,4
726,Latia,Lough,56,Female,S,Turquoise,text/plain,3
727,Clemmie,Rabbatts,28,Female,L,Purple,text/plain,5
728,Mufi,Barczynski,18,Female,S,Red,text/plain,4
729,Lindsay,Wellington,93,Male,S,Aquamarine,text/plain,5
730,Eadith,Salatino,75,Female,3XL,Maroon,text/plain,2
731,Arlie,Benitez,58,Female,M,Turquoise,text/plain,6
732,Davidde,Blackstone,52,Male,S,Aquamarine,text/plain,6
733,Penrod,Kornas,29,Male,XL,Purple,text/plain,4
734,Elayne,Tarplee,41,Female,2XL,Purple,text/plain,3
735,Ula,Van Salzberger,43,Female,M,Orange,text/plain,2
736,Phylis,Dowdle,79,Female,M,Mauv,text/plain,1
737,Cordie,Webbe,66,Male,M,Indigo,text/plain,1
738,Catlin,Crunkhorn,92,Female,M,Orange,text/plain,2
739,Bathsheba,Burnhill,33,Female,S,Purple,text/plain,3
740,Romonda,Ebbers,45,Female,3XL,Green,text/plain,2
741,Catherine,Rickaby,65,Female,2XL,Violet,text/plain,1
742,Merrie,Wellum,89,Female,M,Red,text/plain,6
743,Anni,Coolahan,100,Female,2XL,Blue,text/plain,4
744,Tyne,Priditt,79,Female,XS,Orange,text/plain,6
745,Bamby,Sutterby,34,Female,L,Blue,text/plain,2
746,Gabbi,Wheadon,97,Female,2XL,Purple,text/plain,5
747,Jules,Hinckley,73,Male,3XL,Fuscia,text/plain,1
748,Carlin,Binch,46,Male,XL,Goldenrod,text/plain,2
749,Bari,Veryard,49,Female,3XL,Orange,text/plain,6
750,Marcelline,Cochrane,88,Female,M,Green,text/plain,4
751,Pepita,McOwen,93,Female,2XL,Yellow,text/plain,1
752,Charlene,Doddemeade,56,Female,XL,Teal,text/plain,4
753,Tiffanie,Espinoza,20,Female,M,Green,text/plain,1
754,Linette,Mayou,72,Female,3XL,Puce,text/plain,5
755,Koral,Stillgoe,57,Female,S,Teal,text/plain,1
756,Alice,Yanuk,78,Female,S,Purple,text/plain,1
757,Cob,Geertsen,63,Male,2XL,Turquoise,text/plain,3
758,Ambros,Antonoyev,97,Male,S,Fuscia,text/plain,6
759,Nert,Treble,37,Female,L,Pink,text/plain,1
760,Jewel,Dixey,32,Female,L,Pink,text/plain,6
761,Lucita,Mabson,88,Female,XS,Goldenrod,text/plain,1
762,Shawn,Islip,81,Male,2XL,Crimson,text/plain,4
763,Con,Doog,82,Female,S,Maroon,text/plain,2
764,Shelby,Fagg,99,Female,L,Mauv,text/plain,5
765,Moria,Ioselevich,24,Female,XL,Khaki,text/plain,5
766,Petronilla,Rugieri,31,Female,L,Yellow,text/plain,5
767,Ailina,Tsarovic,47,Female,XL,Red,text/plain,6
768,Peyton,Ibanez,61,Male,L,Aquamarine,text/plain,6
769,Maribelle,Ridewood,75,Female,3XL,Mauv,text/plain,3
770,Charlot,Kenson,36,Female,3XL,Fuscia,text/plain,2
771,Emelyne,Milland,49,Female,M,Teal,text/plain,6
772,Darryl,Egle of Germany,99,Male,L,Fuscia,text/plain,1
773,Hally,Lowdham,19,Female,S,Turquoise,text/plain,1
774,Alfons,Schimonek,45,Male,XL,Khaki,text/plain,6
775,Gregoire,Wittleton,100,Male,S,Indigo,text/plain,3
776,Dory,Giovanetti,85,Female,2XL,Goldenrod,text/plain,3
777,Wallis,Geffen,77,Female,3XL,Teal,text/plain,1
778,Marieann,Redwall,71,Female,3XL,Crimson,text/plain,4
779,Dianna,Bowring,50,Female,2XL,Mauv,text/plain,1
780,Madison,Batts,34,Male,S,Yellow,text/plain,6
781,Mycah,Graysmark,63,Male,M,Blue,text/plain,5
782,Chaddie,Davidwitz,56,Male,XS,Pink,text/plain,2
783,Chelsey,Screaton,66,Female,M,Goldenrod,text/plain,4
784,Amandy,Bortoluzzi,72,Female,S,Turquoise,text/plain,4
785,Manfred,Dady,70,Male,M,Khaki,text/plain,3
786,Gerladina,Cade,40,Female,XL,Puce,text/plain,2
787,Stu,Birdwistle,24,Male,XL,Mauv,text/plain,6
788,Desirae,Cardis,60,Female,M,Crimson,text/plain,3
789,Fionna,Yitzhak,53,Female,L,Green,text/plain,1
790,Olag,Ipsgrave,70,Male,M,Teal,text/plain,4
791,Rubin,Taaffe,79,Male,2XL,Red,text/plain,1
792,Orton,Camois,26,Male,3XL,Red,text/plain,5
793,Sancho,Lightbody,99,Male,XS,Blue,text/plain,3
794,Napoleon,Pheasey,85,Male,XS,Maroon,text/plain,3
795,Desmund,Rollings,56,Male,M,Red,text/plain,5
796,Lauraine,Yurocjkin,53,Female,3XL,Violet,text/plain,3
797,Talbert,Potier,76,Male,XL,Blue,text/plain,5
798,Saul,Pischoff,95,Male,XL,Green,text/plain,3
799,Drake,Gillow,17,Male,2XL,Khaki,text/plain,6
800,Birgitta,Berzen,20,Female,3XL,Teal,text/plain,1
801,Willette,Evesque,84,Female,XL,Crimson,text/plain,6
802,Arvy,McTeer,91,Male,3XL,Fuscia,text/plain,5
803,Nissy,Abrahim,74,Female,XL,Khaki,text/plain,1
804,Marrilee,Mullally,98,Female,XL,Goldenrod,text/plain,6
805,Chrysler,Buckett,99,Female,3XL,Purple,text/plain,2
806,Danielle,Campanelli,34,Female,XS,Crimson,text/plain,3
807,Bee,Ourry,71,Female,3XL,Green,text/plain,6
808,Nady,Gargett,81,Female,XS,Red,text/plain,5
809,Jermayne,Caselli,82,Male,XL,Pink,text/plain,6
810,Liuka,Oaker,23,Female,S,Indigo,text/plain,2
811,Ondrea,Shuttell,76,Female,L,Goldenrod,text/plain,2
812,Eleonore,Bosma,93,Female,M,Purple,text/plain,1
813,Trevar,Doncom,100,Male,XS,Green,text/plain,2
814,Dottie,Harriday,21,Female,2XL,Puce,text/plain,2
815,Felike,Glenn,73,Male,M,Purple,text/plain,4
816,Scot,Birdwhistle,57,Male,XS,Purple,text/plain,3
817,Tulley,Filliskirk,86,Male,3XL,Pink,text/plain,6
818,Alf,O'Tuohy,66,Male,XS,Khaki,text/plain,1
819,Hobie,Garrard,29,Male,XS,Pink,text/plain,6
820,Blisse,Gammon,93,Female,XS,Fuscia,text/plain,1
821,Owen,O'Rafferty,83,Male,L,Indigo,text/plain,4
822,Maxy,Fessions,83,Male,2XL,Yellow,text/plain,2
823,Cinda,Traice,51,Female,2XL,Green,text/plain,3
824,Jayme,McCudden,18,Female,XS,Purple,text/plain,4
825,Tanney,Losano,24,Male,2XL,Violet,text/plain,2
826,Claudian,Jacson,92,Male,S,Pink,text/plain,3
827,Tarah,Faldo,81,Female,2XL,Mauv,text/plain,2
828,Jessy,Benge,37,Female,L,Goldenrod,text/plain,3
829,Flora,Langthorne,52,Female,XS,Aquamarine,text/plain,1
830,Tildi,Finlaison,36,Female,3XL,Crimson,text/plain,5
831,Mab,Brithman,78,Female,XS,Purple,text/plain,6
832,Zaneta,Coppeard,56,Female,S,Crimson,text/plain,3
833,Bartie,Abercrombie,55,Male,3XL,Mauv,text/plain,4
834,Ebony,Juppe,23,Female,XS,Teal,text/plain,4
835,Artemis,Bertholin,51,Male,L,Teal,text/plain,5
836,Herta,Trunby,94,Female,XL,Violet,text/plain,3
837,Humfrey,Sivills,35,Male,M,Khaki,text/plain,2
838,Bevin,Bartolijn,38,Male,3XL,Aquamarine,text/plain,6
839,Fae,Kneale,21,Female,XS,Pink,text/plain,3
840,Lauraine,Alejo,33,Female,L,Turquoise,text/plain,4
841,Joscelin,Shergill,61,Female,S,Teal,text/plain,3
842,Armando,Parkeson,30,Male,XS,Turquoise,text/plain,6
843,Tyler,Moisey,43,Male,3XL,Purple,text/plain,6
844,Jobi,Bewsey,86,Female,M,Pink,text/plain,5
845,Marcello,Glanton,92,Male,M,Puce,text/plain,4
846,Francisco,Pouton,34,Male,2XL,Orange,text/plain,1
847,Althea,Barge,71,Female,XL,Purple,text/plain,3
848,Corny,Barth,33,Male,M,Indigo,text/plain,1
849,Charmine,Meric,23,Female,XS,Teal,text/plain,3
850,Fleming,Frude,36,Male,XS,Purple,text/plain,1
851,Kathlin,Gasker,71,Female,2XL,Aquamarine,text/plain,1
852,Leonard,MacAleese,83,Male,3XL,Red,text/plain,4
853,Caresse,Dougal,100,Female,3XL,Purple,text/plain,3
854,Aleksandr,Janusik,35,Male,S,Pink,text/plain,4
855,Olive,Demke,35,Female,XS,Purple,text/plain,6
856,Gibbie,Batchan,83,Male,3XL,Orange,text/plain,4
857,Rachael,Springtorpe,79,Female,XL,Maroon,text/plain,4
858,Janos,Duke,67,Male,3XL,Khaki,text/plain,4
859,Sibel,Oatley,72,Female,XL,Pink,text/plain,5
860,Andrej,O'Fihily,92,Male,S,Crimson,text/plain,6
861,Brear,Foss,60,Female,S,Blue,text/plain,6
862,Quincy,Stoves,85,Male,XS,Orange,text/plain,4
863,Cleavland,Paterson,94,Male,L,Crimson,text/plain,3
864,Erny,Pallister,79,Male,S,Orange,text/plain,1
865,Frederick,Kennedy,95,Male,XS,Mauv,text/plain,3
866,Gilli,Preskett,92,Female,S,Orange,text/plain,4
867,Dominick,Kohnen,58,Male,XS,Indigo,text/plain,6
868,Bobbie,Blanket,20,Female,M,Goldenrod,text/plain,5
869,Randi,Warden,23,Female,M,Purple,text/plain,4
870,Nonie,Fidilis,36,Female,S,Turquoise,text/plain,6
871,Valerie,Southam,53,Female,L,Green,text/plain,3
872,Melody,Halton,73,Female,XS,Violet,text/plain,4
873,Bank,Winslet,83,Male,S,Red,text/plain,5
874,Perry,Cromack,76,Male,2XL,Indigo,text/plain,6
875,Ileane,Jeans,63,Female,XS,Violet,text/plain,1
876,Frankie,Isack,79,Male,XS,Puce,text/plain,2
877,Gaile,Jirsa,47,Male,XL,Orange,text/plain,2
878,Ingamar,Ivanets,36,Male,XL,Turquoise,text/plain,2
879,Samuel,Shimman,89,Male,M,Red,text/plain,4
880,Ab,Pendrick,32,Male,3XL,Orange,text/plain,1
881,Jard,Parradine,51,Male,XS,Green,text/plain,1
882,Berny,Orteau,88,Female,S,Orange,text/plain,5
883,Tomas,Pheby,31,Male,XL,Crimson,text/plain,4
884,Clarence,Madgewick,77,Male,S,Violet,text/plain,4
885,Bran,Naptine,51,Male,XL,Green,text/plain,1
886,Germain,Diter,20,Female,3XL,Yellow,text/plain,1
887,Alissa,Masham,82,Female,S,Yellow,text/plain,2
888,Bertrand,Czajkowska,99,Male,2XL,Teal,text/plain,4
889,Lina,Gatenby,40,Female,M,Goldenrod,text/plain,6
890,Nanette,Swaisland,83,Female,M,Crimson,text/plain,3
891,Norman,Syfax,87,Male,S,Green,text/plain,5
892,Kinny,Swatheridge,39,Male,XL,Purple,text/plain,4
893,Seth,Ivanyushkin,84,Male,2XL,Blue,text/plain,4
894,Tyson,Seckington,96,Male,XS,Maroon,text/plain,5
895,Danika,Soaper,63,Female,3XL,Crimson,text/plain,1
896,Obadias,Heaford,41,Male,M,Blue,text/plain,2
897,Daria,Dowdle,85,Female,2XL,Green,text/plain,3
898,Ewart,Hellings,67,Male,S,Goldenrod,text/plain,3
899,Norene,O'Lunney,41,Female,XS,Yellow,text/plain,4
900,Emmalee,Reddoch,28,Female,S,Maroon,text/plain,4
901,Karmen,Thain,73,Female,3XL,Aquamarine,text/plain,4
902,Farica,Beach,89,Female,3XL,Violet,text/plain,1
903,Wesley,Hacker,62,Male,L,Puce,text/plain,2
904,Marcel,Golston,93,Male,2XL,Mauv,text/plain,5
905,Silvana,Dessent,19,Female,3XL,Turquoise,text/plain,5
906,Madlin,Lemonnier,54,Female,XS,Maroon,text/plain,2
907,Muffin,Gendricke,70,Male,2XL,Orange,text/plain,5
908,Bettye,Dodell,18,Female,3XL,Mauv,text/plain,2
909,Winston,Sykes,97,Male,M,Goldenrod,text/plain,5
910,Aliza,Drinkhall,91,Female,L,Goldenrod,text/plain,6
911,Mahalia,Itchingham,79,Female,S,Puce,text/plain,5
912,Maitilde,Bortolazzi,51,Female,2XL,Crimson,text/plain,2
913,Cassey,Duckhouse,51,Female,XL,Indigo,text/plain,2
914,Michel,Tysack,88,Female,3XL,Green,text/plain,6
915,Rey,Creyke,22,Male,2XL,Maroon,text/plain,4
916,Nate,Flay,89,Male,XS,Orange,text/plain,4
917,Dolli,Schenfisch,26,Female,M,Crimson,text/plain,2
918,Stanleigh,Alibone,31,Male,XS,Red,text/plain,6
919,Kathie,Gannan,52,Female,M,Blue,text/plain,4
920,Aeriela,Esberger,24,Female,XL,Fuscia,text/plain,2
921,Roarke,Adelsberg,33,Male,L,Yellow,text/plain,3
922,Andres,Tarn,26,Male,XS,Pink,text/plain,3
923,Daphne,Breede,31,Female,3XL,Yellow,text/plain,2
924,Jacquenette,Hakking,69,Female,XL,Crimson,text/plain,5
925,Cedric,Joder,74,Male,3XL,Aquamarine,text/plain,3
926,Ozzy,MacCall,64,Male,S,Khaki,text/plain,6
927,Avictor,Bellard,62,Male,2XL,Fuscia,text/plain,2
928,Torr,Melbury,80,Male,M,Mauv,text/plain,3
929,Parsifal,Rupp,39,Male,2XL,Blue,text/plain,2
930,Ginger,Greatbach,89,Male,M,Puce,text/plain,5
931,Ketty,Karlmann,84,Female,XS,Blue,text/plain,5
932,Bartlet,Ranns,83,Male,2XL,Yellow,text/plain,6
933,Gladys,McGoogan,100,Female,2XL,Goldenrod,text/plain,5
934,Daffi,O'Fihillie,41,Female,M,Orange,text/plain,4
935,Creigh,Wildbore,67,Male,M,Indigo,text/plain,4
936,Randie,Izatt,18,Female,S,Fuscia,text/plain,1
937,Courtnay,Abrahm,85,Male,2XL,Crimson,text/plain,4
938,Sig,Buckam,81,Male,L,Indigo,text/plain,1
939,Morty,Uzelli,83,Male,XL,Crimson,text/plain,1
940,Thelma,Ablewhite,20,Female,S,Maroon,text/plain,5
941,Ermentrude,Mitton,74,Female,S,Green,text/plain,2
942,Jarrett,McIntosh,26,Male,S,Goldenrod,text/plain,4
943,Bonnibelle,Gaspard,20,Female,3XL,Turquoise,text/plain,1
944,Elisha,Loblie,59,Female,S,Crimson,text/plain,4
945,Rahel,Hamper,85,Female,S,Red,text/plain,1
946,Mack,Miell,83,Male,XS,Turquoise,text/plain,2
947,Ephrayim,Pakeman,96,Male,2XL,Maroon,text/plain,2
948,Sandor,Ludee,82,Male,XL,Indigo,text/plain,4
949,Cristal,Gammet,92,Female,3XL,Pink,text/plain,1
950,Fawnia,Glidder,37,Female,S,Mauv,text/plain,4
951,Nickie,Stappard,85,Male,XL,Orange,text/plain,6
952,Philomena,Patey,16,Female,XL,Teal,text/plain,3
953,Lanny,Pech,96,Male,S,Teal,text/plain,6
954,Shaun,Helin,80,Male,M,Indigo,text/plain,2
955,Carolin,MacGinley,93,Female,XL,Pink,text/plain,4
956,Emmy,Wakeford,63,Female,3XL,Fuscia,text/plain,4
957,Bradan,Quiddington,31,Male,M,Purple,text/plain,1
958,Michale,MacPherson,46,Male,3XL,Fuscia,text/plain,4
959,Star,Perchard,93,Female,3XL,Puce,text/plain,5
960,Karylin,McGrey,27,Female,L,Crimson,text/plain,4
961,Eldin,Warriner,50,Male,L,Violet,text/plain,1
962,Willyt,Applegate,30,Female,2XL,Red,text/plain,1
963,Sacha,McMackin,61,Female,XL,Pink,text/plain,5
964,Marjory,Jenicke,70,Female,2XL,Turquoise,text/plain,5
965,Clerissa,Tween,86,Female,M,Blue,text/plain,6
966,Clyde,Gebhard,59,Male,XL,Violet,text/plain,5
967,Camey,Beverley,72,Male,XS,Teal,text/plain,5
968,Floris,Deporte,71,Female,L,Mauv,text/plain,1
969,Sheffy,Rogger,33,Male,2XL,Orange,text/plain,5
970,Andrei,Rappaport,83,Female,XL,Violet,text/plain,2
971,Welch,Wackley,79,Male,S,Green,text/plain,4
972,Orlan,Pellamonuten,79,Male,2XL,Teal,text/plain,6
973,Yulma,Peverell,89,Male,XS,Yellow,text/plain,1
974,Aundrea,Gunbie,87,Female,2XL,Yellow,text/plain,5
975,Ruprecht,Johnigan,47,Male,2XL,Fuscia,text/plain,3
976,Tonia,Clinkard,78,Female,M,Aquamarine,text/plain,6
977,Filip,Pashan,39,Male,3XL,Purple,text/plain,1
978,Rubina,Reddel,68,Female,2XL,Orange,text/plain,5
979,Zackariah,Kirkwood,29,Male,S,Mauv,text/plain,4
980,Urbanus,Viger,87,Male,2XL,Maroon,text/plain,1
981,Fitzgerald,Palay,90,Male,3XL,Goldenrod,text/plain,4
982,Reggie,Thursby,91,Male,M,Orange,text/plain,4
983,Garret,Retchford,92,Male,S,Purple,text/plain,6
984,Hoyt,Gimbrett,24,Male,M,Khaki,text/plain,5
985,Wilfrid,Treasaden,82,Male,3XL,Fuscia,text/plain,5
986,Sidonnie,Falck,54,Female,XS,Violet,text/plain,4
987,Robinette,Bruyet,61,Female,L,Yellow,text/plain,1
988,Raleigh,Lawranson,74,Male,M,Turquoise,text/plain,3
989,Lanae,Rylatt,84,Female,3XL,Teal,text/plain,1
990,Olia,Ielden,35,Female,XL,Crimson,text/plain,1
991,Ernest,Fullagar,90,Male,S,Red,text/plain,2
992,Ruben,Postin,28,Male,XS,Purple,text/plain,2
993,Paulie,Vallance,52,Female,XS,Blue,text/plain,5
994,Trish,Branney,51,Female,M,Maroon,text/plain,5
995,Kerr,Ledgister,35,Male,XL,Indigo,text/plain,4
996,Bobbie,Lickess,18,Female,3XL,Green,text/plain,6
997,Trudy,Linay,62,Female,3XL,Goldenrod,text/plain,5
998,Giordano,Moon,69,Male,3XL,Pink,text/plain,5
999,Orelle,Stibbs,69,Female,XS,Maroon,text/plain,3
1000,Lorettalorna,Fintoph,32,Female,2XL,Turquoise,text/plain,2
